rt,contentmo,visit,amazon,page,author,paul,james,amp,find,bestselling,young,adult,dystopian,series,mode,
rt,hannahpynckel,rang,birthday,today,staying,night,finish,reading,affliction,lkhamilton,haven’t,read,anita,
version,one,better,version,none,21,secrets,build,strong,personality,book,link,https,t.co,ykdfgwkk0u,
version,one,better,version,none,21,secrets,build,strong,personality,book,link,https,t.co,9xtqgfvipo,
version,one,better,version,none,21,secrets,build,strong,personality,book,link,https,t.co,lt99snqri1,
version,one,better,version,none,21,secrets,build,strong,personality,book,link,https,t.co,lyogjehfvq,
version,one,better,version,none,21,secrets,build,strong,personality,book,link,https,t.co,atpcixzlyn,
version,one,better,version,none,21,secrets,build,strong,personality,book,link,https,t.co,argmwt1g0c,
rt,hannahpynckel,rang,birthday,today,staying,night,finish,reading,affliction,lkhamilton,haven’t,read,anita,
taken,storm,available,https,t.co,iuohkmb5ze,follow,mjschiller,books,like,asmsg,iartg,https,t.co,kyxgfkhqzk,
confession,jo,spain,5,psychological,thriller,attacks,someone,walks,police,station,confes,https,t.co,wmmu8rrgnd,
rt,authorshout,fidele,misslucyjane,available,https,t.co,sm11ygwkp8,asmsg,iartg,amreading,bookboost,indiebooksbeseen,
fidele,misslucyjane,available,https,t.co,sm11ygwkp8,asmsg,iartg,amreading,bookboost,https,t.co,ewrg1fctrj,
circle,betrayal,available,https,t.co,dkrvtnblq7,asmsg,iartg,amreading,reading,book,books,puyb,https,t.co,oog8b9li1x,
version,one,better,version,none,21,secrets,build,strong,personality,book,link,https,t.co,vabseq2arp,
version,one,better,version,none,21,secrets,build,strong,personality,book,link,https,t.co,flfxjz1alf,
version,one,better,version,none,21,secrets,build,strong,personality,book,link,https,t.co,lbvyasmvkk,
favourite,businessbooks,marketingbooks,bestbooks,https,t.co,yjfzs2jpt6,https,t.co,lvjpafcfnh,
free,book,great,day,terrywthompson,available,https,t.co,auymtgznpz,elearning,https,t.co,qursm2etee,
winter,light,stephen,b,king,stephenbking1,historical,adventure,novel,set,1950s,lightho,https,t.co,glhrbyuejk,
rt,authorshout,political,science,amajioyi1,available,https,t.co,tkvnv38yau,politics,history,government,politicalscience,
rt,authorshout,old,mountain,cassie,tonyawrites,available,https,t.co,jzeigocavf,asmsg,iartg,amreading,reading,book,book,
rt,authorshout,old,mountain,cassie,tonyawrites,available,https,t.co,jzeigocavf,asmsg,iartg,amreading,reading,book,book,
old,mountain,cassie,tonyawrites,available,https,t.co,jzeigocavf,asmsg,iartg,amreading,reading,https,t.co,uoqhapyzmt,
rt,authorshout,husband,chains,available,https,t.co,bq97sm5ftj,asmsg,iartg,amreading,bookboost,indiebooksbeseen,ian1,p,
husband,chains,available,https,t.co,bq97sm5ftj,asmsg,iartg,amreading,bookboost,indiebooksbeseen,https,t.co,xwxtpiqvdc,
rt,reviewsemerald,cause,nathaniel,terrell,poetry,amazon,https,t.co,m3uxn8nq3w,amazon,uk,https,t.co,lqegrnbp5,
rt,aarontupaz,top,100,life,changing,favourite,books,goodreads,bestbooks,https,t.co,jzoeoamzr6,https,t.co,pcm4iu0a3v,
rt,aarontupaz,top,100,life,changing,favourite,books,goodreads,bestbooks,https,t.co,jzoeoamzr6,https,t.co,pcm4iu0a3v,
rt,aarontupaz,top,100,life,changing,favourite,books,goodreads,bestbooks,https,t.co,jzoeoamzr6,https,t.co,pcm4iu0a3v,
rt,aarontupaz,top,100,life,changing,favourite,books,goodreads,bestbooks,https,t.co,jzoeoamzr6,https,t.co,pcm4iu0a3v,
rt,aarontupaz,top,100,life,changing,favourite,books,goodreads,bestbooks,https,t.co,jzoeoamzr6,https,t.co,pcm4iu0a3v,
top,100,life,changing,favourite,books,goodreads,bestbooks,https,t.co,jzoeoamzr6,https,t.co,pcm4iu0a3v,
rt,hannahpynckel,rang,birthday,today,staying,night,finish,reading,affliction,lkhamilton,haven’t,read,anita,
little,known,backstory,celebrated,piece,english,literature,luminous,portrayal,marriage,amp,https,t.co,tvksnusrfp,
rt,hannahpynckel,rang,birthday,today,staying,night,finish,reading,affliction,lkhamilton,haven’t,read,anita,
rt,powerpuffgeezer,smashwords,sale,begun,25,titles,throughout,july,https,t.co,y1j4hpd9bs,goodreads,booksinth,
rt,powerpuffgeezer,smashwords,sale,begun,25,titles,throughout,july,https,t.co,y1j4hpd9bs,goodreads,booksinth,
rang,birthday,today,staying,night,finish,reading,affliction,lkhamilton,haven’t,read,https,t.co,g27szumltr,
rt,allonfire,tell,guide,contains,lots,enlightening,explanations,amp,helpful,answers,many,common,kid,questions,c,t,like,
stay,sex,scandals,deals,hidden,agendas,eight,political,wives,ammichaud,examines,patte,https,t.co,7mvpjbzwjt,
taken,storm,available,https,t.co,iuohkmb5ze,follow,mjschiller,books,like,asmsg,iartg,https,t.co,j4kuk6zb5a,
rt,authorshout,old,mountain,cassie,tonyawrites,available,https,t.co,jzeigocavf,asmsg,iartg,amreading,reading,book,book,
rt,authorshout,fidele,misslucyjane,available,https,t.co,sm11ygwkp8,asmsg,iartg,amreading,bookboost,indiebooksbeseen,
fidele,misslucyjane,available,https,t.co,sm11ygwkp8,asmsg,iartg,amreading,bookboost,https,t.co,txpnr2dkjt,
visit,amazon,page,author,gt,paul,james,amp,find,bestselling,young,adult,dystopian,series,https,t.co,8vlsiscnjk,
circle,betrayal,available,https,t.co,dkrvtnblq7,asmsg,iartg,amreading,reading,book,books,puyb,https,t.co,wkyqu0vfqj,
rt,reviewsemerald,fossil,science,fiction,thriller,joshua,t,calvert,amazon,https,t.co,kdiuxyrftq,amazon,uk,https,t.co,zag,
rt,authorshout,taken,storm,available,https,t.co,iuohkmb5ze,follow,mjschiller,books,like,asmsg,iartg,amread,
rt,powerpuffgeezer,smashwords,sale,begun,25,titles,throughout,july,https,t.co,y1j4hpd9bs,goodreads,booksinth,
rt,powerpuffgeezer,smashwords,sale,begun,25,titles,throughout,july,https,t.co,y1j4hpd9bs,goodreads,booksinth,
rt,powerpuffgeezer,smashwords,sale,begun,25,titles,throughout,july,https,t.co,y1j4hpd9bs,goodreads,booksinth,
smashwords,sale,begun,25,titles,throughout,july,https,t.co,y1j4hpd9bs,goodreads,https,t.co,s82e0cihuy,
smashwords,sale,begun,25,titles,throughout,july,https,t.co,y1j4hpd9bs,goodreads,https,t.co,rrc1uhrpha,
smashwords,sale,begun,25,titles,throughout,july,https,t.co,y1j4hpd9bs,goodreads,https,t.co,pcudli2a5q,
rt,beemweeks,noted,stephengeez,https,t.co,r1kirxyu56,memoir,author,bookboost,indiebooks,indieauthors,mustread,
entrepreneur,must,read,books,books,motivation,entrepreneurs,mustread,https,t.co,12hyf5kwzk,
rt,beemweeks,noted,stephengeez,https,t.co,r1kirxyu56,memoir,author,bookboost,indiebooks,indieauthors,mustread,
new,york,times,bestselling,author,99,cents,god,isn’t,question,asked,https,t.co,sxe4a52xie,
old,mountain,cassie,tonyawrites,available,https,t.co,jzeigocavf,asmsg,iartg,amreading,reading,https,t.co,2reffic4dk,
husband,chains,available,https,t.co,bq97sm5ftj,asmsg,iartg,amreading,bookboost,indiebooksbeseen,https,t.co,nxcytdcn69,
visit,amazon,page,author,paul,james,amp,find,bestselling,young,adult,dystopian,series,https,t.co,iztjawem0c,
convent,buy,now,https,t.co,ybdlk6r3y0,convent,amazonbook,amazonkindle,kindlebook,paperback,https,t.co,iybdhdqtej,
convent,buy,now,https,t.co,ybdlk6r3y0,convent,amazonbook,amazonkindle,kindlebook,paperback,https,t.co,08bdmf766x,
convent,buy,now,https,t.co,ybdlk6r3y0,convent,amazonbook,amazonkindle,kindlebook,paperback,https,t.co,kkoonykeg0,
convent,buy,now,https,t.co,ybdlk6r3y0,convent,amazonbook,amazonkindle,kindlebook,paperback,https,t.co,owdoukswsq,
convent,buy,now,https,t.co,ybdlk6r3y0,convent,amazonbook,amazonkindle,kindlebook,paperback,https,t.co,sfsenzaydc,
convent,buy,now,https,t.co,ybdlk6r3y0,convent,amazonbook,amazonkindle,kindlebook,paperback,https,t.co,2ckvqthihq,
convent,buy,now,https,t.co,ybdlk6r3y0,convent,amazonbook,amazonkindle,kindlebook,paperback,https,t.co,2z3sqgwvzb,
convent,buy,now,https,t.co,ybdlk6r3y0,convent,amazonbook,amazonkindle,kindlebook,paperback,https,t.co,tyhskbvabc,
convent,buy,now,https,t.co,ybdlk6r3y0,convent,amazonbook,amazonkindle,kindlebook,paperback,https,t.co,v82sihqedy,
convent,buy,now,https,t.co,ybdlk6r3y0,convent,amazonbook,amazonkindle,kindlebook,paperback,https,t.co,ckelfbpna7,
convent,buy,now,https,t.co,ybdlk6r3y0,convent,amazonbook,amazonkindle,kindlebook,paperback,https,t.co,gkldx4jrqi,
https,t.co,gbncazmriz,tremendous,ending,faith,series,far,hardest,read,emotionall,https,t.co,s8n2avxzch,
taken,storm,available,https,t.co,iuohkmb5ze,follow,mjschiller,books,like,asmsg,iartg,https,t.co,q5ttyfouxh,
msthombookitis,smcneice,erindaydreams,halburjennifer,frankisibberson,bookelicious,technojohnson,jluss,https,t.co,qr4ahthioi,
fidele,misslucyjane,available,https,t.co,sm11ygwkp8,asmsg,iartg,amreading,bookboost,https,t.co,5cbocnzl8a,
free,book,great,day,terrywthompson,available,https,t.co,auymtgznpz,elearning,https,t.co,d7qckelkks,
circle,betrayal,available,https,t.co,dkrvtnblq7,asmsg,iartg,amreading,reading,book,books,puyb,https,t.co,akyimdy1b2,
version,one,better,version,none,21,secrets,build,strong,personality,book,link,https,t.co,k2kmdvkj7j,
version,one,better,version,none,21,secrets,build,strong,personality,book,link,https,t.co,gur4jvrwxt,
version,one,better,version,none,21,secrets,build,strong,personality,book,link,https,t.co,nfxllst5zf,
version,one,better,version,none,21,secrets,build,strong,personality,book,link,https,t.co,rdmpptdksc,
version,one,better,version,none,21,secrets,build,strong,personality,book,link,https,t.co,rn7vl6hlim,
version,one,better,version,none,21,secrets,build,strong,personality,book,link,https,t.co,2afbby9wmj,
version,one,better,version,none,21,secrets,build,strong,personality,book,link,https,t.co,4cyf4qykoj,
version,one,better,version,none,21,secrets,build,strong,personality,book,link,https,t.co,7qo6jtad00,
check,story,looks,terrific,rrbc,books,awesome,bestbooks,bibliophile,https,t.co,uhjdnorqr2,
version,one,better,version,none,21,secrets,build,strong,personality,book,link,https,t.co,m6g9qer3pk,
version,one,better,version,none,21,secrets,build,strong,personality,book,link,https,t.co,vje2rkqiiz,
rt,reviewsemerald,fossil,science,fiction,thriller,joshua,t,calvert,amazon,https,t.co,kdiuxyrftq,amazon,uk,https,t.co,zag,
robin,hood,tales,five,tales,edition,1956,restored,2021,comic,books,r,https,t.co,bsmx2gxlhm,via,amazon,https,t.co,p6kknjg26w,
rt,katherineshears,tell,guide,contains,lots,enlightening,explanations,amp,helpful,answers,many,common,kid,questions,c,t,l,
rt,authorshout,old,mountain,cassie,tonyawrites,available,https,t.co,jzeigocavf,asmsg,iartg,amreading,reading,book,book,
rt,authorshout,old,mountain,cassie,tonyawrites,available,https,t.co,jzeigocavf,asmsg,iartg,amreading,reading,book,book,
rt,authorshout,old,mountain,cassie,tonyawrites,available,https,t.co,jzeigocavf,asmsg,iartg,amreading,reading,book,book,
old,mountain,cassie,tonyawrites,available,https,t.co,jzeigocavf,asmsg,iartg,amreading,reading,https,t.co,0pjmbzlz2b,
rt,stephengeez,noted,stephengeez,https,t.co,rgakus0foa,memoir,author,bookboost,indiebooks,indieauthors,mustre,
rt,stephengeez,noted,stephengeez,https,t.co,rgakus0foa,memoir,author,bookboost,indiebooks,indieauthors,mustre,
noted,stephengeez,https,t.co,rgakus0foa,memoir,author,bookboost,indiebooks,indieauthors,https,t.co,aa93vw4fb7,
husband,chains,available,https,t.co,bq97sm5ftj,asmsg,iartg,amreading,bookboost,indiebooksbeseen,https,t.co,5iyffv4qaf,
version,one,better,version,none,21,secrets,build,strong,personality,book,link,https,t.co,mssjsi4rjg,
version,one,better,version,none,21,secrets,build,strong,personality,book,link,https,t.co,3iyhkkb8wj,
version,one,better,version,none,21,secrets,build,strong,personality,book,link,https,t.co,glmsdeonem,
version,one,better,version,none,21,secrets,build,strong,personality,book,link,https,t.co,hxzw8oayql,
version,one,better,version,none,21,secrets,build,strong,personality,book,link,https,t.co,vicjjzblbm,
version,one,better,version,none,21,secrets,build,strong,personality,book,link,https,t.co,obyk5klaan,
version,one,better,version,none,21,secrets,build,strong,personality,book,link,https,t.co,fgm8gxfski,
version,one,better,version,none,21,secrets,build,strong,personality,book,link,https,t.co,kqi59ifty9,
version,one,better,version,none,21,secrets,build,strong,personality,book,link,https,t.co,8acdzowipe,
rt,contentmo,visit,amazon,page,author,paul,james,amp,find,bestselling,young,adult,dystopian,series,mode,
summer,reading,list,going,goodreads,bestbooks,https,t.co,4x9ht0uuwu,
10,popular,self,love,children’s,books,indian,authors,see,https,t.co,qhshcfazgw,isrgrajan,https,t.co,4qowadtgi7,
rt,lilachbullock,favourite,businessbooks,marketingbooks,bestbooks,https,t.co,yjfzs2jpt6,https,t.co,tnav7ve824,
taken,storm,available,https,t.co,iuohkmb5ze,follow,mjschiller,books,like,asmsg,iartg,https,t.co,zuzz09ogng,
rt,aarontupaz,top,100,life,changing,favourite,books,goodreads,bestbooks,https,t.co,jzoeoamzr6,https,t.co,pcm4iu0a3v,
fidele,misslucyjane,available,https,t.co,sm11ygwkp8,asmsg,iartg,amreading,bookboost,https,t.co,syhttyiyfy,
cellist,novel,gabriel,allon,book,21,silva,daniel,14.99,https,t.co,saapmptsjs,via,amazon,https,t.co,ghkgl4jmxq,
rt,authorshout,circle,betrayal,available,https,t.co,dkrvtnblq7,asmsg,iartg,amreading,reading,book,books,puyb,bynr,b,
circle,betrayal,available,https,t.co,dkrvtnblq7,asmsg,iartg,amreading,reading,book,books,puyb,https,t.co,sns9utgpj0,
bignews,book,authority,amp,uk,mirror,newspaper,ranks,pets,afterlife,3,one,top,16,bestbooks,https,t.co,z6nyx2xxal,
rt,aarontupaz,top,100,life,changing,favourite,books,goodreads,bestbooks,https,t.co,jzoeoamzr6,https,t.co,pcm4iu0a3v,
rt,aarontupaz,top,100,life,changing,favourite,books,goodreads,bestbooks,https,t.co,jzoeoamzr6,https,t.co,pcm4iu0a3v,
rt,aarontupaz,top,100,life,changing,favourite,books,goodreads,bestbooks,https,t.co,jzoeoamzr6,https,t.co,pcm4iu0a3v,
rt,aarontupaz,top,100,life,changing,favourite,books,goodreads,bestbooks,https,t.co,jzoeoamzr6,https,t.co,pcm4iu0a3v,
top,100,life,changing,favourite,books,goodreads,bestbooks,https,t.co,jzoeoamzr6,https,t.co,pcm4iu0a3v,
version,one,better,version,none,21,secrets,build,strong,personality,book,link,https,t.co,a513yfzti8,
version,one,better,version,none,21,secrets,build,strong,personality,book,link,https,t.co,s9j8aq0o5i,
version,one,better,version,none,21,secrets,build,strong,personality,book,link,https,t.co,78hymhmzr9,
version,one,better,version,none,21,secrets,build,strong,personality,book,link,https,t.co,wb9vfcaqsw,
version,one,better,version,none,21,secrets,build,strong,personality,book,link,https,t.co,cmporf67gm,
version,one,better,version,none,21,secrets,build,strong,personality,book,link,https,t.co,byp6f6govj,
version,one,better,version,none,21,secrets,build,strong,personality,book,link,https,t.co,nwoiexjf2o,
version,one,better,version,none,21,secrets,build,strong,personality,book,link,https,t.co,3puvv8pyg1,
version,one,better,version,none,21,secrets,build,strong,personality,book,link,https,t.co,t2dpnsoaml,
version,one,better,version,none,21,secrets,build,strong,personality,book,link,https,t.co,rjxljckqib,
rt,reviewsemerald,arcadia’s,children,4,exodus,andrew,r,williams,amazon,https,t.co,7vorivseho,amazon,uk,https,t.co,fx16xt8as,
version,one,better,version,none,21,secrets,build,strong,personality,book,link,https,t.co,3xjrk8j9w8,
version,one,better,version,none,21,secrets,build,strong,personality,book,link,https,t.co,proyr2u3lz,
version,one,better,version,none,21,secrets,build,strong,personality,book,link,https,t.co,xyfpxu9s7z,
version,one,better,version,none,21,secrets,build,strong,personality,book,link,https,t.co,1ezhq5knfh,
version,one,better,version,none,21,secrets,build,strong,personality,book,link,https,t.co,moamksppla,
version,one,better,version,none,21,secrets,build,strong,personality,book,link,https,t.co,64uzdlo1ly,
version,one,better,version,none,21,secrets,build,strong,personality,book,link,https,t.co,smvscmzl4g,
version,one,better,version,none,21,secrets,build,strong,personality,book,link,https,t.co,sgpu1sn5fl,
version,one,better,version,none,21,secrets,build,strong,personality,book,link,https,t.co,b9kdmxp9we,
version,one,better,version,none,21,secrets,build,strong,personality,book,link,https,t.co,z2m7g208qe,
top,5,books,economics,share,friends,batch,mates,additional,knowledge,https,t.co,uiryjtgbfb,
reading,list,suggestions,former,u.s,president,barack,obama,bestbooks,readbooks,books,https,t.co,afqfduwmlu,
rt,geezwriter,noted,stephengeez,https,t.co,gfewjyvrad,memoir,author,bookboost,indiebooks,indieauthors,mustrea,
rt,bala_pab,one,best,books,read,life,want,change,life,buy,https,t.co,oiuxj1tttc,books,mindset,rich,
one,best,books,read,life,want,change,life,buy,https,t.co,oiuxj1tttc,books,https,t.co,9rwpkwlsx7,
noted,stephengeez,https,t.co,gfewjyvrad,memoir,author,bookboost,indiebooks,indieauthors,https,t.co,icrsslod7q,
rt,dealsflashing,cellist,novel,gabriel,allon,book,21,silva,daniel,14.99,https,t.co,xwz3svs6yq,via,amazon,books,nov,
cellist,novel,gabriel,allon,book,21,silva,daniel,14.99,https,t.co,xwz3svs6yq,via,amazon,books,https,t.co,axmgty6lmo,
rt,freshinkgroup,noted,stephengeez,https,t.co,8cdwt2dpcd,memoir,author,bookboost,indiebooks,indieauthors,must,
rt,reviewsemerald,cause,nathaniel,terrell,poetry,amazon,https,t.co,m3uxn8nq3w,amazon,uk,https,t.co,lqegrnbp5,
noted,stephengeez,https,t.co,8cdwt2dpcd,memoir,author,bookboost,indiebooks,indieauthors,https,t.co,kcs7pts0ui,
rt,reviewsemerald,fossil,science,fiction,thriller,joshua,t,calvert,amazon,https,t.co,kdiuxyrftq,amazon,uk,https,t.co,zag,
old,mountain,cassie,tonyawrites,available,https,t.co,jzeigocavf,asmsg,iartg,amreading,reading,https,t.co,n5bqtyar9p,
rt,kmazerov,indiebound,current,faves,gentleman,moscow,amor,towles,crawdads,sing,delia,owens,light,
rt,authorshout,political,science,amajioyi1,available,https,t.co,tkvnv38yau,politics,history,government,politicalscience,
husband,chains,available,https,t.co,bq97sm5ftj,asmsg,iartg,amreading,bookboost,indiebooksbeseen,https,t.co,nb8cnxmptj,
free,book,great,day,terrywthompson,available,https,t.co,auymtgznpz,elearning,https,t.co,rdvltiublp,
version,one,better,version,none,21,secrets,build,strong,personality,book,link,https,t.co,wzeqjjcpbu,
version,one,better,version,none,21,secrets,build,strong,personality,book,link,https,t.co,4mfzjezlzt,
version,one,better,version,none,21,secrets,build,strong,personality,book,link,https,t.co,1kqsejrgvh,
version,one,better,version,none,21,secrets,build,strong,personality,book,link,https,t.co,w77inwgprl,
version,one,better,version,none,21,secrets,build,strong,personality,book,link,https,t.co,vtvmojk0ur,
version,one,better,version,none,21,secrets,build,strong,personality,book,link,https,t.co,qfoaeytu34,
version,one,better,version,none,21,secrets,build,strong,personality,book,link,https,t.co,hpyp8nx2wa,
version,one,better,version,none,21,secrets,build,strong,personality,book,link,https,t.co,ioa634lt8e,
version,one,better,version,none,21,secrets,build,strong,personality,book,link,https,t.co,aes16qpbnl,
version,one,better,version,none,21,secrets,build,strong,personality,book,link,https,t.co,whfyz2cq25,
rt,beemweeks,noted,stephengeez,https,t.co,r1kirxyu56,memoir,author,bookboost,indiebooks,indieauthors,mustread,
rt,kmazerov,indiebound,current,faves,gentleman,moscow,amor,towles,crawdads,sing,delia,owens,light,
rt,beemweeks,noted,stephengeez,https,t.co,r1kirxyu56,memoir,author,bookboost,indiebooks,indieauthors,mustread,
indiebound,current,faves,gentleman,moscow,amor,towles,crawdads,sing,delia,owens,th,https,t.co,sykccwsk2a,
rt,freshinkgroup,noted,stephengeez,https,t.co,8cdwt2dpcd,memoir,author,bookboost,indiebooks,indieauthors,must,
rt,salightpress,tyler,hirsch,unaware,mom,given,prophecy,twenty,five,years,earlier,ordinary,teenager,unti,
rt,voiceofindie,noted,stephengeez,https,t.co,pssiqho7xc,memoir,author,bookboost,indiebooks,indieauthors,mustr,
rt,voiceofindie,noted,stephengeez,https,t.co,pssiqho7xc,memoir,author,bookboost,indiebooks,indieauthors,mustr,
rt,voiceofindie,noted,stephengeez,https,t.co,pssiqho7xc,memoir,author,bookboost,indiebooks,indieauthors,mustr,
rt,voiceofindie,noted,stephengeez,https,t.co,pssiqho7xc,memoir,author,bookboost,indiebooks,indieauthors,mustr,
rt,voiceofindie,noted,stephengeez,https,t.co,pssiqho7xc,memoir,author,bookboost,indiebooks,indieauthors,mustr,
noted,stephengeez,https,t.co,pssiqho7xc,memoir,author,bookboost,indiebooks,indieauthors,https,t.co,ln7wsiw1jn,
rt,reviewsemerald,sickness,health,journalized,account,coping,multiple,myeloma,amazon,https,t.co,cxcgmpv5a6,amaz,
rt,authorshout,circle,betrayal,available,https,t.co,dkrvtnblq7,asmsg,iartg,amreading,reading,book,books,puyb,bynr,b,
rt,beemweeks,noted,stephengeez,https,t.co,r1kirxyu56,memoir,author,bookboost,indiebooks,indieauthors,mustread,
taken,storm,available,https,t.co,iuohkmb5ze,follow,mjschiller,books,like,asmsg,iartg,https,t.co,drtmsohvmd,
popculturespotlight,siriusxmstars,109,andre,gaines,amp,christian,gregory,one,amp,dick,gregor,https,t.co,ykq3e8quno,
rt,authorshout,fidele,misslucyjane,available,https,t.co,sm11ygwkp8,asmsg,iartg,amreading,bookboost,indiebooksbeseen,
fidele,misslucyjane,available,https,t.co,sm11ygwkp8,asmsg,iartg,amreading,bookboost,https,t.co,uliuqijsla,
rt,allonfire,visit,amazon,page,author,gt,paul,james,amp,find,bestselling,young,adult,dystopian,series,mod,
rt,authorshout,circle,betrayal,available,https,t.co,dkrvtnblq7,asmsg,iartg,amreading,reading,book,books,puyb,bynr,b,
circle,betrayal,available,https,t.co,dkrvtnblq7,asmsg,iartg,amreading,reading,book,books,puyb,https,t.co,7kspiozfzf,
rt,beemweeks,noted,stephengeez,https,t.co,r1kirxyu56,memoir,author,bookboost,indiebooks,indieauthors,mustread,
noted,stephengeez,https,t.co,r1kirxyu56,memoir,author,bookboost,indiebooks,indieauthors,https,t.co,anxcmcrdw4,
rt,geezwriter,noted,stephengeez,https,t.co,gfewjyvrad,memoir,author,bookboost,indiebooks,indieauthors,mustrea,
rt,geezwriter,noted,stephengeez,https,t.co,gfewjyvrad,memoir,author,bookboost,indiebooks,indieauthors,mustrea,
noted,stephengeez,https,t.co,gfewjyvrad,memoir,author,bookboost,indiebooks,indieauthors,https,t.co,c7k10edrbb,
rt,theage,masses,books,available,buy,just,new,ones,books,editor,jasonfsteger,suggests,might,help,
rt,theage,masses,books,available,buy,just,new,ones,books,editor,jasonfsteger,suggests,might,help,
rt,voiceofindie,noted,stephengeez,https,t.co,pssiqho7xc,memoir,author,bookboost,indiebooks,indieauthors,mustr,
rt,theage,masses,books,available,buy,just,new,ones,books,editor,jasonfsteger,suggests,might,help,
noted,stephengeez,https,t.co,pssiqho7xc,memoir,author,bookboost,indiebooks,indieauthors,https,t.co,cbm00tbenm,
masses,books,available,buy,just,new,ones,books,editor,jasonfsteger,suggest,https,t.co,uh5bdpu7uk,
new,york,times,bestselling,author,marvelous,intriguing,turn,pages,fast,enough,catch,m,https,t.co,n2qnigttpj,
bride,wore,coveralls,book,1,racing,series,unique,sweet,love,story,great,read,https,t.co,qhejfhjzht,
rt,authorshout,old,mountain,cassie,tonyawrites,available,https,t.co,jzeigocavf,asmsg,iartg,amreading,reading,book,book,
old,mountain,cassie,tonyawrites,available,https,t.co,jzeigocavf,asmsg,iartg,amreading,reading,https,t.co,ihacmvdhrw,
rt,freshinkgroup,noted,stephengeez,https,t.co,8cdwt2dpcd,memoir,author,bookboost,indiebooks,indieauthors,must,
rt,beemweeks,noted,stephengeez,https,t.co,r1kirxyu56,memoir,author,bookboost,indiebooks,indieauthors,mustread,
husband,chains,available,https,t.co,bq97sm5ftj,asmsg,iartg,amreading,bookboost,indiebooksbeseen,https,t.co,5eiltuxlkl,
rt,salightpress,tyler,hirsch,unaware,mom,given,prophecy,twenty,five,years,earlier,ordinary,teenager,unti,
10,popular,self,love,children’s,books,indian,authors,see,https,t.co,qhshcfazgw,isrgrajan,https,t.co,wxdfqjl1du,
rt,freshinkgroup,noted,stephengeez,https,t.co,8cdwt2dpcd,memoir,author,bookboost,indiebooks,indieauthors,must,
noted,stephengeez,https,t.co,8cdwt2dpcd,memoir,author,bookboost,indiebooks,indieauthors,https,t.co,rrcjttuh4p,
tyler,hirsch,unaware,mom,given,prophecy,twenty,five,years,earlier,ordinary,teenage,https,t.co,96qlewzjno,
10,popular,self,love,children’s,books,indian,authors,see,https,t.co,qhshcfazgw,isrgrajan,https,t.co,wchzviq28h,
rt,authorshout,circle,betrayal,available,https,t.co,dkrvtnblq7,asmsg,iartg,amreading,reading,book,books,puyb,bynr,b,
taken,storm,available,https,t.co,iuohkmb5ze,follow,mjschiller,books,like,asmsg,iartg,https,t.co,wjfryrqm2m,
rt,stephengeez,noted,stephengeez,https,t.co,rgakus0foa,memoir,author,bookboost,indiebooks,indieauthors,mustre,
rt,authorshout,circle,betrayal,available,https,t.co,dkrvtnblq7,asmsg,iartg,amreading,reading,book,books,puyb,bynr,b,
rt,reviewsemerald,cause,nathaniel,terrell,poetry,amazon,https,t.co,m3uxn8nq3w,amazon,uk,https,t.co,lqegrnbp5,
rt,reviewsemerald,cause,nathaniel,terrell,poetry,amazon,https,t.co,m3uxn8nq3w,amazon,uk,https,t.co,lqegrnbp5,
rt,reviewsemerald,death,mask,tale,vengeance,nora,delzelle,scifibooks,fantasy,amazon,https,t.co,hawro0p5ol,amazon,uk,http,
rt,stephengeez,noted,stephengeez,https,t.co,rgakus0foa,memoir,author,bookboost,indiebooks,indieauthors,mustre,
noted,stephengeez,https,t.co,rgakus0foa,memoir,author,bookboost,indiebooks,indieauthors,https,t.co,3njs8w8rcu,
fidele,misslucyjane,available,https,t.co,sm11ygwkp8,asmsg,iartg,amreading,bookboost,https,t.co,kk89dttwql,
circle,betrayal,available,https,t.co,dkrvtnblq7,asmsg,iartg,amreading,reading,book,books,puyb,https,t.co,mwemh5vps5,
rt,reviewsemerald,arcadia’s,children,4,exodus,andrew,r,williams,amazon,https,t.co,7vorivseho,amazon,uk,https,t.co,fx16xt8as,
rt,beemweeks,noted,stephengeez,https,t.co,r1kirxyu56,memoir,author,bookboost,indiebooks,indieauthors,mustread,
rt,beemweeks,noted,stephengeez,https,t.co,r1kirxyu56,memoir,author,bookboost,indiebooks,indieauthors,mustread,
noted,stephengeez,https,t.co,r1kirxyu56,memoir,author,bookboost,indiebooks,indieauthors,https,t.co,frcytfxyh3,
free,book,great,day,terrywthompson,available,https,t.co,auymtgznpz,elearning,https,t.co,msi1ywswkq,
rt,reviewsemerald,fossil,science,fiction,thriller,joshua,t,calvert,amazon,https,t.co,kdiuxyrftq,amazon,uk,https,t.co,zag,
old,mountain,cassie,tonyawrites,available,https,t.co,jzeigocavf,asmsg,iartg,amreading,reading,https,t.co,skp4nvu83a,
rt,authorshout,husband,chains,available,https,t.co,bq97sm5ftj,asmsg,iartg,amreading,bookboost,indiebooksbeseen,ian1,p,
husband,chains,available,https,t.co,bq97sm5ftj,asmsg,iartg,amreading,bookboost,indiebooksbeseen,https,t.co,vi176lcenv,
rt,geezwriter,noted,stephengeez,https,t.co,gfewjyvrad,memoir,author,bookboost,indiebooks,indieauthors,mustrea,
noted,stephengeez,https,t.co,gfewjyvrad,memoir,author,bookboost,indiebooks,indieauthors,https,t.co,nvw2ysfpkj,
confession,jo,spain,5,psychological,thriller,attacks,someone,walks,police,station,confes,https,t.co,47zgngalvl,
rt,ian_journal,hey,check,blog,short,stories,follow,like,i’ll,follow,back,writing,writingcommunity,readin,
hey,check,blog,short,stories,follow,like,i’ll,follow,back,writing,writingcommunity,https,t.co,geqvbw9gbi,
new,york,times,bestselling,author,marvelous,intriguing,turn,pages,fast,enough,catch,m,https,t.co,sculu3m3dj,
rt,reviewsemerald,arcadia’s,children,4,exodus,andrew,r,williams,amazon,https,t.co,7vorivseho,amazon,uk,https,t.co,fx16xt8as,
rt,stephengeez,noted,stephengeez,https,t.co,rgakus0foa,memoir,author,bookboost,indiebooks,indieauthors,mustre,
https,t.co,e5d8y8bcb1,add,library,week,book,summervibes,wsj,goodreads,happyreading,summerreading,bestbooks,
rt,stephengeez,noted,stephengeez,https,t.co,rgakus0foa,memoir,author,bookboost,indiebooks,indieauthors,mustre,
rt,stephengeez,noted,stephengeez,https,t.co,rgakus0foa,memoir,author,bookboost,indiebooks,indieauthors,mustre,
rt,reviewsemerald,cause,nathaniel,terrell,poetry,amazon,https,t.co,m3uxn8nq3w,amazon,uk,https,t.co,lqegrnbp5,
noted,stephengeez,https,t.co,rgakus0foa,memoir,author,bookboost,indiebooks,indieauthors,https,t.co,lljmwk5jro,
best,books,mortgage,loan,officers,https,t.co,ocjcdjfvmu,mortgageloan,mortgage,loanofficers,bestbooks,goodbooks,
taken,storm,available,https,t.co,iuohkmb5ze,follow,mjschiller,books,like,asmsg,iartg,https,t.co,suwvjkxyqk,
rt,reviewsemerald,arcadia’s,children,4,exodus,andrew,r,williams,amazon,https,t.co,7vorivseho,amazon,uk,https,t.co,fx16xt8as,
love,read,books,love,give,books,gifts,want,spread,courage,bestbooks,gujratfile,https,t.co,zaqzuo4fpd,
three,books,make,value,money,finance,personalfinance,savingsgoals,books,bestseller,https,t.co,xjn60esljh,
rt,authorshout,fidele,misslucyjane,available,https,t.co,sm11ygwkp8,asmsg,iartg,amreading,bookboost,indiebooksbeseen,
fidele,misslucyjane,available,https,t.co,sm11ygwkp8,asmsg,iartg,amreading,bookboost,https,t.co,jn67r7ooiy,
circle,betrayal,available,https,t.co,dkrvtnblq7,asmsg,iartg,amreading,reading,book,books,puyb,https,t.co,khkcdh0kkf,
rt,authorshout,husband,chains,available,https,t.co,bq97sm5ftj,asmsg,iartg,amreading,bookboost,indiebooksbeseen,ian1,p,
10,popular,self,love,children’s,books,indian,authors,see,https,t.co,qhshcfazgw,isrgrajan,https,t.co,ihwwculskb,
favourite,businessbooks,marketingbooks,bestbooks,https,t.co,yjfzs2jpt6,https,t.co,sglhimtkc8,
rt,_johannajackson,whether,year’s,holiday,staycation,holidayabroad,fabulous,reads,musttakewithyou,h,
old,mountain,cassie,tonyawrites,available,https,t.co,jzeigocavf,asmsg,iartg,amreading,reading,https,t.co,lmtl6hoqez,
husband,chains,available,https,t.co,bq97sm5ftj,asmsg,iartg,amreading,bookboost,indiebooksbeseen,https,t.co,wgrdsleaqw,
yet,another,discover,great,new,writers,pick,list,best,book,year,pick,great,bo,https,t.co,cvckjgxb31,
bestbooks,amazon,leadership,end,average,succeed,world,values,sameness,gt,https,t.co,wush1txuyv,
political,science,amajioyi1,available,https,t.co,tkvnv38yau,politics,history,government,https,t.co,7js8qn24tq,
rt,_johannajackson,whether,year’s,holiday,staycation,holidayabroad,fabulous,reads,musttakewithyou,h,
rt,authorshout,circle,betrayal,available,https,t.co,dkrvtnblq7,asmsg,iartg,amreading,reading,book,books,puyb,bynr,b,
rt,authorshout,circle,betrayal,available,https,t.co,dkrvtnblq7,asmsg,iartg,amreading,reading,book,books,puyb,bynr,b,
books,going,well,afternoon,healthylifestyle,homegrownveggies,bestbooks,dayout,parmaviolet,https,t.co,jxe0ghbz54,
taken,storm,available,https,t.co,iuohkmb5ze,follow,mjschiller,books,like,asmsg,iartg,https,t.co,wslytafcin,
rt,authorshout,fidele,misslucyjane,available,https,t.co,sm11ygwkp8,asmsg,iartg,amreading,bookboost,indiebooksbeseen,
fidele,misslucyjane,available,https,t.co,sm11ygwkp8,asmsg,iartg,amreading,bookboost,https,t.co,3ivdpe3ls6,
circle,betrayal,available,https,t.co,dkrvtnblq7,asmsg,iartg,amreading,reading,book,books,puyb,https,t.co,btszf0yhgp,
rt,reviewsemerald,arcadia’s,children,4,exodus,andrew,r,williams,amazon,https,t.co,7vorivseho,amazon,uk,https,t.co,fx16xt8as,
free,book,great,day,terrywthompson,available,https,t.co,auymtgznpz,elearning,https,t.co,drqv8t3tci,
rt,beemweeks,noted,stephengeez,https,t.co,r1kirxyu56,memoir,author,bookboost,indiebooks,indieauthors,mustread,
rt,beemweeks,noted,stephengeez,https,t.co,r1kirxyu56,memoir,author,bookboost,indiebooks,indieauthors,mustread,
rt,beemweeks,noted,stephengeez,https,t.co,r1kirxyu56,memoir,author,bookboost,indiebooks,indieauthors,mustread,
noted,stephengeez,https,t.co,r1kirxyu56,memoir,author,bookboost,indiebooks,indieauthors,https,t.co,0gieg3ac7s,
rt,reviewsemerald,arcadia’s,children,4,exodus,andrew,r,williams,amazon,https,t.co,7vorivseho,amazon,uk,https,t.co,fx16xt8as,
rt,micheleweldon,stay,sex,scandals,deals,hidden,agendas,eight,political,wives,ammichaud,examines,patterns,
old,mountain,cassie,tonyawrites,available,https,t.co,jzeigocavf,asmsg,iartg,amreading,reading,https,t.co,vxgxktr7pi,
rt,freshinkgroup,noted,stephengeez,https,t.co,8cdwt2dpcd,memoir,author,bookboost,indiebooks,indieauthors,must,
noted,stephengeez,https,t.co,8cdwt2dpcd,memoir,author,bookboost,indiebooks,indieauthors,https,t.co,8ii2xkuxn5,
husband,chains,available,https,t.co,bq97sm5ftj,asmsg,iartg,amreading,bookboost,indiebooksbeseen,https,t.co,obccjbskxa,
political,science,amajioyi1,available,https,t.co,tkvnv38yau,politics,history,government,https,t.co,8g1ca2ezdj,
emotionally,moving,earth,love,way,author,reeled,story,just,stran,https,t.co,7nxeyeu3zg,
rt,emmabbooks,confession,jo,spain,5,psychological,thriller,attacks,someone,walks,police,station,confess,
confession,jo,spain,5,psychological,thriller,attacks,someone,walks,police,station,confes,https,t.co,fjazzm5d8x,
rt,voiceofindie,noted,stephengeez,https,t.co,pssiqho7xc,memoir,author,bookboost,indiebooks,indieauthors,mustr,
stay,sex,scandals,deals,hidden,agendas,eight,political,wives,ammichaud,examines,patt,https,t.co,prvesybx0j,
10,popular,self,love,children’s,books,indian,authors,see,https,t.co,qhshcfazgw,isrgrajan,https,t.co,hwalunhhxc,
rt,voiceofindie,noted,stephengeez,https,t.co,pssiqho7xc,memoir,author,bookboost,indiebooks,indieauthors,mustr,
rt,voiceofindie,noted,stephengeez,https,t.co,pssiqho7xc,memoir,author,bookboost,indiebooks,indieauthors,mustr,
rt,voiceofindie,noted,stephengeez,https,t.co,pssiqho7xc,memoir,author,bookboost,indiebooks,indieauthors,mustr,
