"","contentmo","visit","amazon","page","author","paul","james","amp","find","bestselling","young","adult","dystopian","series","mode",""
"","hannahpynckel","rang","birthday","today","staying","night","finish","reading","affliction","lkhamilton","haven’t","read","anita","","",""
"version","one","better","version","none","","secrets","build","strong","personality","book","link","","","","",""
"version","one","better","version","none","","secrets","build","strong","personality","book","link","","","","",""
"version","one","better","version","none","","secrets","build","strong","personality","book","link","","","","",""
"version","one","better","version","none","","secrets","build","strong","personality","book","link","","","lyogjehfvq","",""
"version","one","better","version","none","","secrets","build","strong","personality","book","link","","","atpcixzlyn","",""
"version","one","better","version","none","","secrets","build","strong","personality","book","link","","","","",""
"","hannahpynckel","rang","birthday","today","staying","night","finish","reading","affliction","lkhamilton","haven’t","read","anita","","",""
"taken","storm","available","","","","follow","mjschiller","books","like","asmsg","iartg","","","kyxgfkhqzk","",""
"confession","","spain","","psychological","thriller","attacks","someone","walks","police","station","confes","","","","",""
"","authorshout","fidele","misslucyjane","available","","","","asmsg","iartg","amreading","bookboost","indiebooksbeseen","","","",""
"fidele","misslucyjane","available","","","","asmsg","iartg","amreading","bookboost","","","","","","",""
"circle","betrayal","available","","","","asmsg","iartg","amreading","reading","book","books","puyb","","","",""
"version","one","better","version","none","","secrets","build","strong","personality","book","link","","","","",""
"version","one","better","version","none","","secrets","build","strong","personality","book","link","","","","",""
"version","one","better","version","none","","secrets","build","strong","personality","book","link","","","lbvyasmvkk","",""
"favourite","businessbooks","marketingbooks","bestbooks","","","","","","lvjpafcfnh","","","","","","",""
"free","book","great","day","terrywthompson","available","","","auymtgznpz","elearning","","","","","","",""
"winter","light","stephen","","king","","historical","adventure","novel","set","","lightho","","","glhrbyuejk","",""
"","authorshout","political","science","","available","","","","politics","history","government","politicalscience","","","",""
"","authorshout","old","mountain","cassie","tonyawrites","available","","","jzeigocavf","asmsg","iartg","amreading","reading","book","book",""
"","authorshout","old","mountain","cassie","tonyawrites","available","","","jzeigocavf","asmsg","iartg","amreading","reading","book","book",""
"old","mountain","cassie","tonyawrites","available","","","jzeigocavf","asmsg","iartg","amreading","reading","","","uoqhapyzmt","",""
"","authorshout","husband","chains","available","","","","asmsg","iartg","amreading","bookboost","indiebooksbeseen","","","",""
"husband","chains","available","","","","asmsg","iartg","amreading","bookboost","indiebooksbeseen","","","xwxtpiqvdc","","",""
"","reviewsemerald","cause","nathaniel","terrell","poetry","amazon","","","","amazon","","","","","",""
"","aarontupaz","top","","life","changing","favourite","books","goodreads","bestbooks","","","","","","",""
"","aarontupaz","top","","life","changing","favourite","books","goodreads","bestbooks","","","","","","",""
"","aarontupaz","top","","life","changing","favourite","books","goodreads","bestbooks","","","","","","",""
"","aarontupaz","top","","life","changing","favourite","books","goodreads","bestbooks","","","","","","",""
"","aarontupaz","top","","life","changing","favourite","books","goodreads","bestbooks","","","","","","",""
"top","","life","changing","favourite","books","goodreads","bestbooks","","","","","","","","",""
"","hannahpynckel","rang","birthday","today","staying","night","finish","reading","affliction","lkhamilton","haven’t","read","anita","","",""
"little","known","backstory","celebrated","piece","english","literature","luminous","portrayal","marriage","amp","","","tvksnusrfp","","",""
"","hannahpynckel","rang","birthday","today","staying","night","finish","reading","affliction","lkhamilton","haven’t","read","anita","","",""
"","powerpuffgeezer","smashwords","sale","begun","","titles","throughout","july","","","","goodreads","booksinth","","",""
"","powerpuffgeezer","smashwords","sale","begun","","titles","throughout","july","","","","goodreads","booksinth","","",""
"rang","birthday","today","staying","night","finish","reading","affliction","lkhamilton","haven’t","read","","","","","",""
"","allonfire","tell","guide","contains","lots","enlightening","explanations","amp","helpful","answers","many","common","kid","questions","",""
"like","","","","","","","","","","","","","","","",""
"stay","sex","scandals","deals","hidden","agendas","eight","political","wives","ammichaud","examines","patte","","","","",""
"taken","storm","available","","","","follow","mjschiller","books","like","asmsg","iartg","","","","",""
"","authorshout","old","mountain","cassie","tonyawrites","available","","","jzeigocavf","asmsg","iartg","amreading","reading","book","book",""
"","authorshout","fidele","misslucyjane","available","","","","asmsg","iartg","amreading","bookboost","indiebooksbeseen","","","",""
"fidele","misslucyjane","available","","","","asmsg","iartg","amreading","bookboost","","","","","","",""
"visit","amazon","page","author","","paul","james","amp","find","bestselling","young","adult","dystopian","series","","",""
"circle","betrayal","available","","","","asmsg","iartg","amreading","reading","book","books","puyb","","","",""
"","reviewsemerald","fossil","science","fiction","thriller","joshua","","calvert","amazon","","","kdiuxyrftq","amazon","","",""
"zag","","","","","","","","","","","","","","","",""
"","authorshout","taken","storm","available","","","","follow","mjschiller","books","like","asmsg","iartg","amread","",""
"","powerpuffgeezer","smashwords","sale","begun","","titles","throughout","july","","","","goodreads","booksinth","","",""
"","powerpuffgeezer","smashwords","sale","begun","","titles","throughout","july","","","","goodreads","booksinth","","",""
"","powerpuffgeezer","smashwords","sale","begun","","titles","throughout","july","","","","goodreads","booksinth","","",""
"smashwords","sale","begun","","titles","throughout","july","","","","goodreads","","","","","",""
"smashwords","sale","begun","","titles","throughout","july","","","","goodreads","","","","","",""
"smashwords","sale","begun","","titles","throughout","july","","","","goodreads","","","","","",""
"","beemweeks","noted","stephengeez","","","","memoir","author","bookboost","indiebooks","indieauthors","mustread","","","",""
"entrepreneur","must","read","books","books","motivation","entrepreneurs","mustread","","","","","","","","",""
"","beemweeks","noted","stephengeez","","","","memoir","author","bookboost","indiebooks","indieauthors","mustread","","","",""
"new","york","times","bestselling","author","","cents","god","isn’t","question","asked","","","","","",""
"old","mountain","cassie","tonyawrites","available","","","jzeigocavf","asmsg","iartg","amreading","reading","","","","",""
"husband","chains","available","","","","asmsg","iartg","amreading","bookboost","indiebooksbeseen","","","","","",""
"visit","amazon","page","author","paul","james","amp","find","bestselling","young","adult","dystopian","series","","","",""
"convent","buy","now","","","","convent","amazonbook","amazonkindle","kindlebook","paperback","","","iybdhdqtej","","",""
"convent","buy","now","","","","convent","amazonbook","amazonkindle","kindlebook","paperback","","","","","",""
"convent","buy","now","","","","convent","amazonbook","amazonkindle","kindlebook","paperback","","","","","",""
"convent","buy","now","","","","convent","amazonbook","amazonkindle","kindlebook","paperback","","","owdoukswsq","","",""
"convent","buy","now","","","","convent","amazonbook","amazonkindle","kindlebook","paperback","","","sfsenzaydc","","",""
"convent","buy","now","","","","convent","amazonbook","amazonkindle","kindlebook","paperback","","","","","",""
"convent","buy","now","","","","convent","amazonbook","amazonkindle","kindlebook","paperback","","","","","",""
"convent","buy","now","","","","convent","amazonbook","amazonkindle","kindlebook","paperback","","","tyhskbvabc","","",""
"convent","buy","now","","","","convent","amazonbook","amazonkindle","kindlebook","paperback","","","","","",""
"convent","buy","now","","","","convent","amazonbook","amazonkindle","kindlebook","paperback","","","","","",""
"convent","buy","now","","","","convent","amazonbook","amazonkindle","kindlebook","paperback","","","","","",""
"","","gbncazmriz","tremendous","ending","faith","series","far","hardest","read","emotionall","","","","","",""
"taken","storm","available","","","","follow","mjschiller","books","like","asmsg","iartg","","","","",""
"msthombookitis","smcneice","erindaydreams","halburjennifer","frankisibberson","bookelicious","technojohnson","jluss","","","","","","","","",""
"fidele","misslucyjane","available","","","","asmsg","iartg","amreading","bookboost","","","","","","",""
"free","book","great","day","terrywthompson","available","","","auymtgznpz","elearning","","","","","","",""
"circle","betrayal","available","","","","asmsg","iartg","amreading","reading","book","books","puyb","","","",""
"version","one","better","version","none","","secrets","build","strong","personality","book","link","","","","",""
"version","one","better","version","none","","secrets","build","strong","personality","book","link","","","","",""
"version","one","better","version","none","","secrets","build","strong","personality","book","link","","","","",""
"version","one","better","version","none","","secrets","build","strong","personality","book","link","","","rdmpptdksc","",""
"version","one","better","version","none","","secrets","build","strong","personality","book","link","","","","",""
"version","one","better","version","none","","secrets","build","strong","personality","book","link","","","","",""
"version","one","better","version","none","","secrets","build","strong","personality","book","link","","","","",""
"version","one","better","version","none","","secrets","build","strong","personality","book","link","","","","",""
"check","story","looks","terrific","rrbc","books","awesome","bestbooks","bibliophile","","","","","","","",""
"version","one","better","version","none","","secrets","build","strong","personality","book","link","","","","",""
"version","one","better","version","none","","secrets","build","strong","personality","book","link","","","","",""
"","reviewsemerald","fossil","science","fiction","thriller","joshua","","calvert","amazon","","","kdiuxyrftq","amazon","","",""
"zag","","","","","","","","","","","","","","","",""
"robin","hood","tales","five","tales","edition","","restored","","comic","books","","","","","via","amazon"
"","","","","","","","","","","","","","","","",""
"","katherineshears","tell","guide","contains","lots","enlightening","explanations","amp","helpful","answers","many","common","kid","questions","",""
"","","","","","","","","","","","","","","","",""
"","authorshout","old","mountain","cassie","tonyawrites","available","","","jzeigocavf","asmsg","iartg","amreading","reading","book","book",""
"","authorshout","old","mountain","cassie","tonyawrites","available","","","jzeigocavf","asmsg","iartg","amreading","reading","book","book",""
"","authorshout","old","mountain","cassie","tonyawrites","available","","","jzeigocavf","asmsg","iartg","amreading","reading","book","book",""
"old","mountain","cassie","tonyawrites","available","","","jzeigocavf","asmsg","iartg","amreading","reading","","","","",""
"","stephengeez","noted","stephengeez","","","","memoir","author","bookboost","indiebooks","indieauthors","mustre","","","",""
"","stephengeez","noted","stephengeez","","","","memoir","author","bookboost","indiebooks","indieauthors","mustre","","","",""
"noted","stephengeez","","","","memoir","author","bookboost","indiebooks","indieauthors","","","","","","",""
"husband","chains","available","","","","asmsg","iartg","amreading","bookboost","indiebooksbeseen","","","","","",""
"version","one","better","version","none","","secrets","build","strong","personality","book","link","","","","",""
"version","one","better","version","none","","secrets","build","strong","personality","book","link","","","","",""
"version","one","better","version","none","","secrets","build","strong","personality","book","link","","","glmsdeonem","",""
"version","one","better","version","none","","secrets","build","strong","personality","book","link","","","","",""
"version","one","better","version","none","","secrets","build","strong","personality","book","link","","","vicjjzblbm","",""
"version","one","better","version","none","","secrets","build","strong","personality","book","link","","","","",""
"version","one","better","version","none","","secrets","build","strong","personality","book","link","","","","",""
"version","one","better","version","none","","secrets","build","strong","personality","book","link","","","","",""
"version","one","better","version","none","","secrets","build","strong","personality","book","link","","","","",""
"","contentmo","visit","amazon","page","author","paul","james","amp","find","bestselling","young","adult","dystopian","series","mode",""
"summer","reading","list","going","goodreads","bestbooks","","","","","","","","","","",""
"","popular","self","love","children’s","books","indian","authors","see","","","qhshcfazgw","isrgrajan","","","",""
"","lilachbullock","favourite","businessbooks","marketingbooks","bestbooks","","","","","","","","","","",""
"taken","storm","available","","","","follow","mjschiller","books","like","asmsg","iartg","","","","",""
"","aarontupaz","top","","life","changing","favourite","books","goodreads","bestbooks","","","","","","",""
"fidele","misslucyjane","available","","","","asmsg","iartg","amreading","bookboost","","","syhttyiyfy","","","",""
"cellist","novel","gabriel","allon","book","","silva","daniel","","","","saapmptsjs","via","amazon","","",""
"","authorshout","circle","betrayal","available","","","","asmsg","iartg","amreading","reading","book","books","puyb","bynr",""
"circle","betrayal","available","","","","asmsg","iartg","amreading","reading","book","books","puyb","","","",""
"bignews","book","authority","amp","","mirror","newspaper","ranks","pets","afterlife","","one","top","","bestbooks","",""
"","","","","","","","","","","","","","","","",""
"","aarontupaz","top","","life","changing","favourite","books","goodreads","bestbooks","","","","","","",""
"","aarontupaz","top","","life","changing","favourite","books","goodreads","bestbooks","","","","","","",""
"","aarontupaz","top","","life","changing","favourite","books","goodreads","bestbooks","","","","","","",""
"","aarontupaz","top","","life","changing","favourite","books","goodreads","bestbooks","","","","","","",""
"top","","life","changing","favourite","books","goodreads","bestbooks","","","","","","","","",""
"version","one","better","version","none","","secrets","build","strong","personality","book","link","","","","",""
"version","one","better","version","none","","secrets","build","strong","personality","book","link","","","","",""
"version","one","better","version","none","","secrets","build","strong","personality","book","link","","","","",""
"version","one","better","version","none","","secrets","build","strong","personality","book","link","","","","",""
"version","one","better","version","none","","secrets","build","strong","personality","book","link","","","","",""
"version","one","better","version","none","","secrets","build","strong","personality","book","link","","","","",""
"version","one","better","version","none","","secrets","build","strong","personality","book","link","","","","",""
"version","one","better","version","none","","secrets","build","strong","personality","book","link","","","","",""
"version","one","better","version","none","","secrets","build","strong","personality","book","link","","","","",""
"version","one","better","version","none","","secrets","build","strong","personality","book","link","","","rjxljckqib","",""
"","reviewsemerald","arcadia’s","children","","exodus","andrew","","williams","amazon","","","","amazon","","",""
"","","","","","","","","","","","","","","","",""
"version","one","better","version","none","","secrets","build","strong","personality","book","link","","","","",""
"version","one","better","version","none","","secrets","build","strong","personality","book","link","","","","",""
"version","one","better","version","none","","secrets","build","strong","personality","book","link","","","","",""
"version","one","better","version","none","","secrets","build","strong","personality","book","link","","","","",""
"version","one","better","version","none","","secrets","build","strong","personality","book","link","","","moamksppla","",""
"version","one","better","version","none","","secrets","build","strong","personality","book","link","","","","",""
"version","one","better","version","none","","secrets","build","strong","personality","book","link","","","","",""
"version","one","better","version","none","","secrets","build","strong","personality","book","link","","","","",""
"version","one","better","version","none","","secrets","build","strong","personality","book","link","","","","",""
"version","one","better","version","none","","secrets","build","strong","personality","book","link","","","","",""
"top","","books","economics","share","friends","batch","mates","additional","knowledge","","","uiryjtgbfb","","","",""
"reading","list","suggestions","former","u.s","president","barack","obama","bestbooks","readbooks","books","","","afqfduwmlu","","",""
"","geezwriter","noted","stephengeez","","","gfewjyvrad","memoir","author","bookboost","indiebooks","indieauthors","mustrea","","","",""
"","bala_pab","one","best","books","read","life","want","change","life","buy","","","","books","mindset","rich"
"one","best","books","read","life","want","change","life","buy","","","","books","","","",""
"noted","stephengeez","","","gfewjyvrad","memoir","author","bookboost","indiebooks","indieauthors","","","","","","",""
"","dealsflashing","cellist","novel","gabriel","allon","book","","silva","daniel","","","","","via","amazon","books"
"nov","","","","","","","","","","","","","","","",""
"cellist","novel","gabriel","allon","book","","silva","daniel","","","","","via","amazon","books","",""
"","","","","","","","","","","","","","","","",""
"","freshinkgroup","noted","stephengeez","","","","memoir","author","bookboost","indiebooks","indieauthors","must","","","",""
"","reviewsemerald","cause","nathaniel","terrell","poetry","amazon","","","","amazon","","","","","",""
"noted","stephengeez","","","","memoir","author","bookboost","indiebooks","indieauthors","","","","","","",""
"","reviewsemerald","fossil","science","fiction","thriller","joshua","","calvert","amazon","","","kdiuxyrftq","amazon","","",""
"zag","","","","","","","","","","","","","","","",""
"old","mountain","cassie","tonyawrites","available","","","jzeigocavf","asmsg","iartg","amreading","reading","","","","",""
"","kmazerov","indiebound","current","faves","gentleman","moscow","amor","towles","crawdads","sing","delia","owens","light","","",""
"","authorshout","political","science","","available","","","","politics","history","government","politicalscience","","","",""
"husband","chains","available","","","","asmsg","iartg","amreading","bookboost","indiebooksbeseen","","","","","",""
"free","book","great","day","terrywthompson","available","","","auymtgznpz","elearning","","","rdvltiublp","","","",""
"version","one","better","version","none","","secrets","build","strong","personality","book","link","","","wzeqjjcpbu","",""
"version","one","better","version","none","","secrets","build","strong","personality","book","link","","","","",""
"version","one","better","version","none","","secrets","build","strong","personality","book","link","","","","",""
"version","one","better","version","none","","secrets","build","strong","personality","book","link","","","","",""
"version","one","better","version","none","","secrets","build","strong","personality","book","link","","","","",""
"version","one","better","version","none","","secrets","build","strong","personality","book","link","","","","",""
"version","one","better","version","none","","secrets","build","strong","personality","book","link","","","","",""
"version","one","better","version","none","","secrets","build","strong","personality","book","link","","","","",""
"version","one","better","version","none","","secrets","build","strong","personality","book","link","","","","",""
"version","one","better","version","none","","secrets","build","strong","personality","book","link","","","","",""
"","beemweeks","noted","stephengeez","","","","memoir","author","bookboost","indiebooks","indieauthors","mustread","","","",""
"","kmazerov","indiebound","current","faves","gentleman","moscow","amor","towles","crawdads","sing","delia","owens","light","","",""
"","beemweeks","noted","stephengeez","","","","memoir","author","bookboost","indiebooks","indieauthors","mustread","","","",""
"indiebound","current","faves","gentleman","moscow","amor","towles","crawdads","sing","delia","owens","","","","","",""
"","freshinkgroup","noted","stephengeez","","","","memoir","author","bookboost","indiebooks","indieauthors","must","","","",""
"","salightpress","tyler","hirsch","unaware","mom","given","prophecy","twenty","five","years","earlier","ordinary","teenager","unti","",""
"","voiceofindie","noted","stephengeez","","","","memoir","author","bookboost","indiebooks","indieauthors","mustr","","","",""
"","voiceofindie","noted","stephengeez","","","","memoir","author","bookboost","indiebooks","indieauthors","mustr","","","",""
"","voiceofindie","noted","stephengeez","","","","memoir","author","bookboost","indiebooks","indieauthors","mustr","","","",""
"","voiceofindie","noted","stephengeez","","","","memoir","author","bookboost","indiebooks","indieauthors","mustr","","","",""
"","voiceofindie","noted","stephengeez","","","","memoir","author","bookboost","indiebooks","indieauthors","mustr","","","",""
"noted","stephengeez","","","","memoir","author","bookboost","indiebooks","indieauthors","","","","","","",""
"","reviewsemerald","sickness","health","journalized","account","coping","multiple","myeloma","amazon","","","","amaz","","",""
"","authorshout","circle","betrayal","available","","","","asmsg","iartg","amreading","reading","book","books","puyb","bynr",""
"","beemweeks","noted","stephengeez","","","","memoir","author","bookboost","indiebooks","indieauthors","mustread","","","",""
"taken","storm","available","","","","follow","mjschiller","books","like","asmsg","iartg","","","drtmsohvmd","",""
"popculturespotlight","siriusxmstars","","andre","gaines","amp","christian","gregory","one","amp","dick","gregor","","","","",""
"","authorshout","fidele","misslucyjane","available","","","","asmsg","iartg","amreading","bookboost","indiebooksbeseen","","","",""
"fidele","misslucyjane","available","","","","asmsg","iartg","amreading","bookboost","","","uliuqijsla","","","",""
"","allonfire","visit","amazon","page","author","","paul","james","amp","find","bestselling","young","adult","dystopian","series","mod"
"","authorshout","circle","betrayal","available","","","","asmsg","iartg","amreading","reading","book","books","puyb","bynr",""
"circle","betrayal","available","","","","asmsg","iartg","amreading","reading","book","books","puyb","","","",""
"","beemweeks","noted","stephengeez","","","","memoir","author","bookboost","indiebooks","indieauthors","mustread","","","",""
"noted","stephengeez","","","","memoir","author","bookboost","indiebooks","indieauthors","","","","","","",""
"","geezwriter","noted","stephengeez","","","gfewjyvrad","memoir","author","bookboost","indiebooks","indieauthors","mustrea","","","",""
"","geezwriter","noted","stephengeez","","","gfewjyvrad","memoir","author","bookboost","indiebooks","indieauthors","mustrea","","","",""
"noted","stephengeez","","","gfewjyvrad","memoir","author","bookboost","indiebooks","indieauthors","","","","","","",""
"","theage","masses","books","available","buy","just","new","ones","books","editor","jasonfsteger","suggests","might","help","",""
"","theage","masses","books","available","buy","just","new","ones","books","editor","jasonfsteger","suggests","might","help","",""
"","voiceofindie","noted","stephengeez","","","","memoir","author","bookboost","indiebooks","indieauthors","mustr","","","",""
"","theage","masses","books","available","buy","just","new","ones","books","editor","jasonfsteger","suggests","might","help","",""
"noted","stephengeez","","","","memoir","author","bookboost","indiebooks","indieauthors","","","","","","",""
"masses","books","available","buy","just","new","ones","books","editor","jasonfsteger","suggest","","","","","",""
"new","york","times","bestselling","author","marvelous","intriguing","turn","pages","fast","enough","catch","","","","",""
"bride","wore","coveralls","book","","racing","series","unique","sweet","love","story","great","read","","","qhejfhjzht",""
"","authorshout","old","mountain","cassie","tonyawrites","available","","","jzeigocavf","asmsg","iartg","amreading","reading","book","book",""
"old","mountain","cassie","tonyawrites","available","","","jzeigocavf","asmsg","iartg","amreading","reading","","","ihacmvdhrw","",""
"","freshinkgroup","noted","stephengeez","","","","memoir","author","bookboost","indiebooks","indieauthors","must","","","",""
"","beemweeks","noted","stephengeez","","","","memoir","author","bookboost","indiebooks","indieauthors","mustread","","","",""
"husband","chains","available","","","","asmsg","iartg","amreading","bookboost","indiebooksbeseen","","","","","",""
"","salightpress","tyler","hirsch","unaware","mom","given","prophecy","twenty","five","years","earlier","ordinary","teenager","unti","",""
"","popular","self","love","children’s","books","indian","authors","see","","","qhshcfazgw","isrgrajan","","","",""
"","freshinkgroup","noted","stephengeez","","","","memoir","author","bookboost","indiebooks","indieauthors","must","","","",""
"noted","stephengeez","","","","memoir","author","bookboost","indiebooks","indieauthors","","","","","","",""
"tyler","hirsch","unaware","mom","given","prophecy","twenty","five","years","earlier","ordinary","teenage","","","","",""
"","popular","self","love","children’s","books","indian","authors","see","","","qhshcfazgw","isrgrajan","","","",""
"","authorshout","circle","betrayal","available","","","","asmsg","iartg","amreading","reading","book","books","puyb","bynr",""
"taken","storm","available","","","","follow","mjschiller","books","like","asmsg","iartg","","","","",""
"","stephengeez","noted","stephengeez","","","","memoir","author","bookboost","indiebooks","indieauthors","mustre","","","",""
"","authorshout","circle","betrayal","available","","","","asmsg","iartg","amreading","reading","book","books","puyb","bynr",""
"","reviewsemerald","cause","nathaniel","terrell","poetry","amazon","","","","amazon","","","","","",""
"","reviewsemerald","cause","nathaniel","terrell","poetry","amazon","","","","amazon","","","","","",""
"","reviewsemerald","death","mask","tale","vengeance","nora","delzelle","scifibooks","fantasy","amazon","","","","amazon","",""
"","stephengeez","noted","stephengeez","","","","memoir","author","bookboost","indiebooks","indieauthors","mustre","","","",""
"noted","stephengeez","","","","memoir","author","bookboost","indiebooks","indieauthors","","","","","","",""
"fidele","misslucyjane","available","","","","asmsg","iartg","amreading","bookboost","","","","","","",""
"circle","betrayal","available","","","","asmsg","iartg","amreading","reading","book","books","puyb","","","",""
"","reviewsemerald","arcadia’s","children","","exodus","andrew","","williams","amazon","","","","amazon","","",""
"","","","","","","","","","","","","","","","",""
"","beemweeks","noted","stephengeez","","","","memoir","author","bookboost","indiebooks","indieauthors","mustread","","","",""
"","beemweeks","noted","stephengeez","","","","memoir","author","bookboost","indiebooks","indieauthors","mustread","","","",""
"noted","stephengeez","","","","memoir","author","bookboost","indiebooks","indieauthors","","","","","","",""
"free","book","great","day","terrywthompson","available","","","auymtgznpz","elearning","","","","","","",""
"","reviewsemerald","fossil","science","fiction","thriller","joshua","","calvert","amazon","","","kdiuxyrftq","amazon","","",""
"zag","","","","","","","","","","","","","","","",""
"old","mountain","cassie","tonyawrites","available","","","jzeigocavf","asmsg","iartg","amreading","reading","","","","",""
"","authorshout","husband","chains","available","","","","asmsg","iartg","amreading","bookboost","indiebooksbeseen","","","",""
"husband","chains","available","","","","asmsg","iartg","amreading","bookboost","indiebooksbeseen","","","","","",""
"","geezwriter","noted","stephengeez","","","gfewjyvrad","memoir","author","bookboost","indiebooks","indieauthors","mustrea","","","",""
"noted","stephengeez","","","gfewjyvrad","memoir","author","bookboost","indiebooks","indieauthors","","","","","","",""
"confession","","spain","","psychological","thriller","attacks","someone","walks","police","station","confes","","","","",""
"","ian_journal","hey","check","blog","short","stories","follow","like","i’ll","follow","back","writing","writingcommunity","readin","",""
"hey","check","blog","short","stories","follow","like","i’ll","follow","back","writing","writingcommunity","","","","",""
"new","york","times","bestselling","author","marvelous","intriguing","turn","pages","fast","enough","catch","","","","",""
"","reviewsemerald","arcadia’s","children","","exodus","andrew","","williams","amazon","","","","amazon","","",""
"","","","","","","","","","","","","","","","",""
"","stephengeez","noted","stephengeez","","","","memoir","author","bookboost","indiebooks","indieauthors","mustre","","","",""
"","","","add","library","week","book","summervibes","wsj","goodreads","happyreading","summerreading","bestbooks","","","",""
"","stephengeez","noted","stephengeez","","","","memoir","author","bookboost","indiebooks","indieauthors","mustre","","","",""
"","stephengeez","noted","stephengeez","","","","memoir","author","bookboost","indiebooks","indieauthors","mustre","","","",""
"","reviewsemerald","cause","nathaniel","terrell","poetry","amazon","","","","amazon","","","","","",""
"noted","stephengeez","","","","memoir","author","bookboost","indiebooks","indieauthors","","","","","","",""
"best","books","mortgage","loan","officers","","","ocjcdjfvmu","mortgageloan","mortgage","loanofficers","bestbooks","goodbooks","","","",""
"taken","storm","available","","","","follow","mjschiller","books","like","asmsg","iartg","","","suwvjkxyqk","",""
"","reviewsemerald","arcadia’s","children","","exodus","andrew","","williams","amazon","","","","amazon","","",""
"","","","","","","","","","","","","","","","",""
"love","read","books","love","give","books","gifts","want","spread","courage","bestbooks","gujratfile","","","","",""
"three","books","make","value","money","finance","personalfinance","savingsgoals","books","bestseller","","","","","","",""
"","authorshout","fidele","misslucyjane","available","","","","asmsg","iartg","amreading","bookboost","indiebooksbeseen","","","",""
"fidele","misslucyjane","available","","","","asmsg","iartg","amreading","bookboost","","","","","","",""
"circle","betrayal","available","","","","asmsg","iartg","amreading","reading","book","books","puyb","","","",""
"","authorshout","husband","chains","available","","","","asmsg","iartg","amreading","bookboost","indiebooksbeseen","","","",""
"","popular","self","love","children’s","books","indian","authors","see","","","qhshcfazgw","isrgrajan","","","ihwwculskb",""
"favourite","businessbooks","marketingbooks","bestbooks","","","","","","","","","","","","",""
"","_johannajackson","whether","year’s","holiday","staycation","holidayabroad","fabulous","reads","musttakewithyou","","","","","","",""
"old","mountain","cassie","tonyawrites","available","","","jzeigocavf","asmsg","iartg","amreading","reading","","","","",""
"husband","chains","available","","","","asmsg","iartg","amreading","bookboost","indiebooksbeseen","","","wgrdsleaqw","","",""
"yet","another","discover","great","new","writers","pick","list","best","book","year","pick","great","","","",""
"bestbooks","amazon","leadership","end","average","succeed","world","values","sameness","","","","","","","",""
"political","science","","available","","","","politics","history","government","","","","","","",""
"","_johannajackson","whether","year’s","holiday","staycation","holidayabroad","fabulous","reads","musttakewithyou","","","","","","",""
"","authorshout","circle","betrayal","available","","","","asmsg","iartg","amreading","reading","book","books","puyb","bynr",""
"","authorshout","circle","betrayal","available","","","","asmsg","iartg","amreading","reading","book","books","puyb","bynr",""
"books","going","well","afternoon","healthylifestyle","homegrownveggies","bestbooks","dayout","parmaviolet","","","","","","","",""
"taken","storm","available","","","","follow","mjschiller","books","like","asmsg","iartg","","","wslytafcin","",""
"","authorshout","fidele","misslucyjane","available","","","","asmsg","iartg","amreading","bookboost","indiebooksbeseen","","","",""
"fidele","misslucyjane","available","","","","asmsg","iartg","amreading","bookboost","","","","","","",""
"circle","betrayal","available","","","","asmsg","iartg","amreading","reading","book","books","puyb","","","",""
"","reviewsemerald","arcadia’s","children","","exodus","andrew","","williams","amazon","","","","amazon","","",""
"","","","","","","","","","","","","","","","",""
"free","book","great","day","terrywthompson","available","","","auymtgznpz","elearning","","","","","","",""
"","beemweeks","noted","stephengeez","","","","memoir","author","bookboost","indiebooks","indieauthors","mustread","","","",""
"","beemweeks","noted","stephengeez","","","","memoir","author","bookboost","indiebooks","indieauthors","mustread","","","",""
"","beemweeks","noted","stephengeez","","","","memoir","author","bookboost","indiebooks","indieauthors","mustread","","","",""
"noted","stephengeez","","","","memoir","author","bookboost","indiebooks","indieauthors","","","","","","",""
"","reviewsemerald","arcadia’s","children","","exodus","andrew","","williams","amazon","","","","amazon","","",""
"","","","","","","","","","","","","","","","",""
"","micheleweldon","stay","sex","scandals","deals","hidden","agendas","eight","political","wives","ammichaud","examines","patterns","","",""
"old","mountain","cassie","tonyawrites","available","","","jzeigocavf","asmsg","iartg","amreading","reading","","","","",""
"","freshinkgroup","noted","stephengeez","","","","memoir","author","bookboost","indiebooks","indieauthors","must","","","",""
"noted","stephengeez","","","","memoir","author","bookboost","indiebooks","indieauthors","","","","","","",""
"husband","chains","available","","","","asmsg","iartg","amreading","bookboost","indiebooksbeseen","","","obccjbskxa","","",""
"political","science","","available","","","","politics","history","government","","","","","","",""
"emotionally","moving","earth","love","way","author","reeled","story","just","stran","","","","","","",""
"","emmabbooks","confession","","spain","","psychological","thriller","attacks","someone","walks","police","station","confess","","",""
"confession","","spain","","psychological","thriller","attacks","someone","walks","police","station","confes","","","","",""
"","voiceofindie","noted","stephengeez","","","","memoir","author","bookboost","indiebooks","indieauthors","mustr","","","",""
"stay","sex","scandals","deals","hidden","agendas","eight","political","wives","ammichaud","examines","patt","","","","",""
"","popular","self","love","children’s","books","indian","authors","see","","","qhshcfazgw","isrgrajan","","","hwalunhhxc",""
"","voiceofindie","noted","stephengeez","","","","memoir","author","bookboost","indiebooks","indieauthors","mustr","","","",""
"","voiceofindie","noted","stephengeez","","","","memoir","author","bookboost","indiebooks","indieauthors","mustr","","","",""
"","voiceofindie","noted","stephengeez","","","","memoir","author","bookboost","indiebooks","indieauthors","mustr","","","",""
